state,year,quater,transaction_count,transaction_amount
puducherry,2018,4,307964,625691665.4234949
tamil nadu,2018,4,22457444,43302073975.890976
uttar pradesh,2018,4,36100767,55096743575.91497
madhya pradesh,2018,4,21397555,33905608072.964783
andhra pradesh,2018,4,30759548,51473779406.840416
tripura,2018,4,448059,624885599.4644469
lakshadweep,2018,4,1642,4463213.698222831
manipur,2018,4,236110,605683559.3060112
maharashtra,2018,4,46090223,79518937047.82959
dadra & nagar haveli & daman & diu,2018,4,404082,658750616.8008878
meghalaya,2018,4,161132,337585679.00467324
andaman & nicobar islands,2018,4,23758,90548336.07445517
haryana,2018,4,12950183,25390876016.455025
rajasthan,2018,4,20959723,37909087083.33885
ladakh,2018,4,35211,135522842.49263746
punjab,2018,4,4887137,10781982573.649624
assam,2018,4,3734172,5888022859.01307
jharkhand,2018,4,6284043,10241916641.12223
odisha,2018,4,21142798,23429869571.55922
bihar,2018,4,15732401,28397997168.57623
kerala,2018,4,4310654,7747361236.812299
karnataka,2018,4,44812071,73008386576.05942
chandigarh,2018,4,905116,2032591591.779975
telangana,2018,4,28921154,49509088448.04927
himachal pradesh,2018,4,1307883,2621298968.1392584
west bengal,2018,4,36513548,40489619211.70402
gujarat,2018,4,14733303,24830987102.78186
sikkim,2018,4,154533,383141358.07825375
nagaland,2018,4,139333,388013467.5456239
mizoram,2018,4,55242,190426852.52952954
chhattisgarh,2018,4,5365844,9416412664.971258
jammu & kashmir,2018,4,2721310,5664720265.697432
goa,2018,4,514755,1153005078.9224057
arunachal pradesh,2018,4,176429,504040029.0917605
delhi,2018,4,29187719,39722857618.706436
uttarakhand,2018,4,3178761,5654272137.963844
puducherry,2018,2,130261,285801119.5324367
tamil nadu,2018,2,9992128,20125844276.267662
uttar pradesh,2018,2,17710943,25720201695.701435
madhya pradesh,2018,2,10561412,15924081066.680986
andhra pradesh,2018,2,12353918,22883914272.633617
tripura,2018,2,214559,236891718.7161358
lakshadweep,2018,2,2132,6187809.539400538
manipur,2018,2,151721,253209721.319494
maharashtra,2018,2,22285740,36357057241.12254
dadra & nagar haveli & daman & diu,2018,2,202626,302070771.6561514
meghalaya,2018,2,67857,117004667.8418316
andaman & nicobar islands,2018,2,11340,28338535.507953547
haryana,2018,2,6150931,11320414442.116663
rajasthan,2018,2,9973697,15559086175.75962
ladakh,2018,2,15010,47334902.5377415
punjab,2018,2,2581163,4684672212.007125
assam,2018,2,1663873,2350585135.537811
jharkhand,2018,2,3152080,4721575659.062912
odisha,2018,2,8158144,8488310339.620239
bihar,2018,2,8632378,13506131109.672922
kerala,2018,2,2308165,3886923343.44263
karnataka,2018,2,17116447,33515580081.29709
chandigarh,2018,2,479084,961223261.74473
telangana,2018,2,10764670,23017201517.652737
himachal pradesh,2018,2,687695,1183169301.3511178
west bengal,2018,2,18082446,18629183470.204285
gujarat,2018,2,7745733,12162684771.641388
sikkim,2018,2,74578,143693085.52979562
nagaland,2018,2,65599,153325577.88030174
mizoram,2018,2,27051,83508405.55773437
chhattisgarh,2018,2,2816156,4264170443.1617327
jammu & kashmir,2018,2,1796326,2651206236.5028934
goa,2018,2,229575,478603825.35861486
arunachal pradesh,2018,2,82157,198970192.34204656
delhi,2018,2,9373723,17446299902.205147
uttarakhand,2018,2,1704122,2679755378.5510764
puducherry,2018,1,104212,165825971.36983618
tamil nadu,2018,1,6726622,11261557697.516891
uttar pradesh,2018,1,12537805,13939970923.223106
madhya pradesh,2018,1,8025395,8681603403.446348
andhra pradesh,2018,1,9039585,11996276391.823706
tripura,2018,1,148157,137978914.53062224
lakshadweep,2018,1,778,1928611.1808777403
manipur,2018,1,84069,128046173.93020926
maharashtra,2018,1,16387034,21711613257.725674
dadra & nagar haveli & daman & diu,2018,1,148549,175658384.10921687
meghalaya,2018,1,49571,66250259.78990036
andaman & nicobar islands,2018,1,6658,14631761.22198579
haryana,2018,1,4480770,6793511514.660528
rajasthan,2018,1,7591690,8926293130.726837
ladakh,2018,1,6089,12532857.771114783
punjab,2018,1,1870433,2780758224.854389
assam,2018,1,1056881,1157804456.212469
jharkhand,2018,1,2178921,2374186389.9194
odisha,2018,1,5809821,4627632210.887628
bihar,2018,1,5824302,6045758172.017314
kerala,2018,1,1771380,2402674753.100502
karnataka,2018,1,12016899,19217895314.012802
chandigarh,2018,1,381895,613435420.8676233
telangana,2018,1,8522766,13308204118.542435
himachal pradesh,2018,1,481918,628737806.3723404
west bengal,2018,1,11710225,10625978552.140453
gujarat,2018,1,5948775,7577982255.034092
sikkim,2018,1,44078,64650938.94036834
nagaland,2018,1,42845,78005891.08612517
mizoram,2018,1,18561,45227219.975790836
chhattisgarh,2018,1,1891514,2149155557.2367463
jammu & kashmir,2018,1,941568,1005371239.2561305
goa,2018,1,160897,303856742.34308386
arunachal pradesh,2018,1,45497,92387336.00940911
delhi,2018,1,7122754,11211503806.91996
uttarakhand,2018,1,1246685,1508545358.5238864
puducherry,2018,3,190271,417658075.4942067
tamil nadu,2018,3,15774078,29330092241.18405
uttar pradesh,2018,3,26515356,37012114369.23937
madhya pradesh,2018,3,17126985,24149742204.67322
andhra pradesh,2018,3,25626061,35718044599.21416
tripura,2018,3,377703,453863388.04059243
lakshadweep,2018,3,1703,4339032.3119858485
manipur,2018,3,189258,383331244.79412293
maharashtra,2018,3,31538538,52260817733.24835
dadra & nagar haveli & daman & diu,2018,3,289575,447639595.67817545
meghalaya,2018,3,110290,209853661.53439403
andaman & nicobar islands,2018,3,16265,55557471.13431113
haryana,2018,3,8262024,16375139007.627964
rajasthan,2018,3,14257098,24040768671.212967
ladakh,2018,3,24864,84090977.14484604
punjab,2018,3,3462108,7065687043.821184
assam,2018,3,2351851,3811134989.9142647
jharkhand,2018,3,8122621,8661571417.704563
odisha,2018,3,30052155,23094515775.585766
bihar,2018,3,14367804,20135804378.90174
kerala,2018,3,3134348,5323025223.875498
karnataka,2018,3,25980261,48225091755.80772
chandigarh,2018,3,616936,1369354447.5343118
telangana,2018,3,19332703,32030093209.72354
himachal pradesh,2018,3,886754,1754041432.858025
west bengal,2018,3,53705416,41843934183.177635
gujarat,2018,3,11334149,17866404426.27552
sikkim,2018,3,108500,235080226.95331776
nagaland,2018,3,94371,241792742.9366532
mizoram,2018,3,39316,116600738.12539022
chhattisgarh,2018,3,3859604,6302307073.446348
jammu & kashmir,2018,3,2303961,3934700999.457677
goa,2018,3,339511,713166969.2382338
arunachal pradesh,2018,3,131146,331726406.7413912
delhi,2018,3,18547048,27375846860.618515
uttarakhand,2018,3,2229132,3726573039.8585143
puducherry,2020,4,2716003,4930526217.671207
tamil nadu,2020,4,111179701,206473197500.99268
uttar pradesh,2020,4,178167517,357428826778.2578
madhya pradesh,2020,4,153652541,284275139772.3589
andhra pradesh,2020,4,286118552,654841546033.3186
tripura,2020,4,1651890,3182130996.2213116
lakshadweep,2020,4,11650,30111317.917080387
manipur,2020,4,1627852,5602224558.458768
maharashtra,2020,4,407621004,622155530832.2585
dadra & nagar haveli & daman & diu,2020,4,1817791,2700511100.828503
meghalaya,2020,4,754008,1804242572.1989727
andaman & nicobar islands,2020,4,224531,627282656.3148524
haryana,2020,4,83171439,159998504366.53964
rajasthan,2020,4,190283435,386034779836.48376
ladakh,2020,4,332134,1111963470.5079594
punjab,2020,4,22997925,53775406479.553894
assam,2020,4,15423454,40226611319.263756
jharkhand,2020,4,39431633,72805174830.04245
odisha,2020,4,92324950,178302663014.6175
bihar,2020,4,96591673,238905613136.47186
kerala,2020,4,33288187,56755256647.011795
karnataka,2020,4,431536984,658036698565.0032
chandigarh,2020,4,2912716,6146762901.349345
telangana,2020,4,343643787,696350439226.9453
himachal pradesh,2020,4,7272328,13989053108.813015
west bengal,2020,4,100340645,199165491365.6468
gujarat,2020,4,77828547,148393060112.4366
sikkim,2020,4,735035,1919275805.122922
nagaland,2020,4,847825,2773084870.5627017
mizoram,2020,4,322607,986522115.6939572
chhattisgarh,2020,4,35529636,62214974283.94806
jammu & kashmir,2020,4,5754444,15380905803.378227
goa,2020,4,3801381,6899792747.579928
arunachal pradesh,2020,4,1209129,3570264021.8456187
delhi,2020,4,120540417,216265088224.5436
uttarakhand,2020,4,17613271,31792739329.110085
puducherry,2020,2,1033383,1960030980.4875922
tamil nadu,2020,2,51870110,95826508896.84135
uttar pradesh,2020,2,100851965,178744016130.31216
madhya pradesh,2020,2,76340573,147922015289.08447
andhra pradesh,2020,2,144917855,302583689746.5449
tripura,2020,2,1052520,1769175883.585958
lakshadweep,2020,2,7220,16942922.08594439
manipur,2020,2,1083068,3198936212.8055243
maharashtra,2020,2,184790761,296359517159.41614
dadra & nagar haveli & daman & diu,2020,2,973152,1302376453.8880572
meghalaya,2020,2,635395,1153735154.3383913
andaman & nicobar islands,2020,2,62962,169645001.41414702
haryana,2020,2,41781050,80711264923.94525
rajasthan,2020,2,101954656,193763273003.28284
ladakh,2020,2,155010,523792998.6520228
punjab,2020,2,14081294,30284654252.21334
assam,2020,2,10505199,19766300125.91926
jharkhand,2020,2,20141511,37486201975.923416
odisha,2020,2,50028576,91733036612.10583
bihar,2020,2,53386742,128806523628.85287
kerala,2020,2,16287967,25894078478.599953
karnataka,2020,2,213221712,321104877020.14185
chandigarh,2020,2,1528010,3847015729.690074
telangana,2020,2,152055143,321531839352.4224
himachal pradesh,2020,2,4695730,8036904762.544065
west bengal,2020,2,57676797,100099431877.35757
gujarat,2020,2,47420185,80387846359.49454
sikkim,2020,2,517731,1054618788.2612653
nagaland,2020,2,517566,1137674504.3478017
mizoram,2020,2,198462,457193433.4423174
chhattisgarh,2020,2,18820925,32268382206.900894
jammu & kashmir,2020,2,2635006,8265648939.258666
goa,2020,2,1482092,2183616430.016773
arunachal pradesh,2020,2,808774,1826716832.9849606
delhi,2020,2,66042018,107873438203.33162
uttarakhand,2020,2,9047770,16094187702.100985
puducherry,2020,1,1207921,2205277477.079584
tamil nadu,2020,1,66953473,116569686179.4346
uttar pradesh,2020,1,97239132,172416434960.69037
madhya pradesh,2020,1,79366746,126737281436.18526
andhra pradesh,2020,1,127677357,252737214289.0485
tripura,2020,1,924502,1588778806.3885012
lakshadweep,2020,1,5151,13502368.57450421
manipur,2020,1,818801,2598590380.8769474
maharashtra,2020,1,238944081,319995196718.0683
dadra & nagar haveli & daman & diu,2020,1,878579,1342763369.292519
meghalaya,2020,1,502283,1120134840.9078057
andaman & nicobar islands,2020,1,41298,161476312.2972747
haryana,2020,1,44036087,81976214558.24355
rajasthan,2020,1,102258812,190308238561.00217
ladakh,2020,1,116419,377639677.4457431
punjab,2020,1,15217784,31374185265.899654
assam,2020,1,8808860,20668428347.72898
jharkhand,2020,1,18282713,33611232153.269115
odisha,2020,1,53682307,91956798199.33679
bihar,2020,1,45081815,109256853527.24524
kerala,2020,1,15733522,26451084830.93425
karnataka,2020,1,271033890,353402054999.4004
chandigarh,2020,1,2262511,5126453070.016205
telangana,2020,1,199409525,371343780368.2118
himachal pradesh,2020,1,4144480,7419466751.122733
west bengal,2020,1,66250381,96653305190.9406
gujarat,2020,1,47326417,86995076621.90231
sikkim,2020,1,528118,1053476271.9444009
nagaland,2020,1,378051,894780028.7343724
mizoram,2020,1,153609,392077579.3496374
chhattisgarh,2020,1,19523991,32860597671.356686
jammu & kashmir,2020,1,921630,2937643176.534005
goa,2020,1,1881237,3410371231.9237647
arunachal pradesh,2020,1,567175,1381758681.3301477
delhi,2020,1,81747604,133616543642.58943
uttarakhand,2020,1,9131784,16158080258.987526
puducherry,2020,3,1730902,3598080229.434597
tamil nadu,2020,3,70277825,143841415498.65747
uttar pradesh,2020,3,127405259,248689955423.05322
madhya pradesh,2020,3,108579881,205701679984.53757
andhra pradesh,2020,3,204902935,467084130584.93884
tripura,2020,3,1317885,2341819516.215885
lakshadweep,2020,3,8589,21306833.308656827
manipur,2020,3,1420168,4615976120.870485
maharashtra,2020,3,268310924,440307079012.4761
dadra & nagar haveli & daman & diu,2020,3,1138312,1749789114.9993598
meghalaya,2020,3,597579,1237059001.3830369
andaman & nicobar islands,2020,3,117483,338019446.3303601
haryana,2020,3,57938179,109567950445.72871
rajasthan,2020,3,149088676,293678306162.4698
ladakh,2020,3,228222,835487500.058193
punjab,2020,3,17209573,40123092147.81354
assam,2020,3,12397711,29831391259.543846
jharkhand,2020,3,27068473,50622615820.01348
odisha,2020,3,66033829,122463943804.29193
bihar,2020,3,71503748,173328865111.8144
kerala,2020,3,21758680,40164150651.95372
karnataka,2020,3,300360531,470740515696.6945
chandigarh,2020,3,2158086,5089809353.36507
telangana,2020,3,236372126,505961144755.88367
himachal pradesh,2020,3,5489876,10516054014.086905
west bengal,2020,3,79954504,156813355855.1383
gujarat,2020,3,59290179,111921752484.70932
sikkim,2020,3,596435,1400926728.6603994
nagaland,2020,3,736319,2009649143.1547942
mizoram,2020,3,254703,707944175.5046022
chhattisgarh,2020,3,24148539,41526744807.53401
jammu & kashmir,2020,3,3465898,11977229760.872362
goa,2020,3,1915531,3368343580.9446573
arunachal pradesh,2020,3,962827,2609938565.55822
delhi,2020,3,96491861,175163962804.6604
uttarakhand,2020,3,11818935,22103510968.006454
puducherry,2021,4,6368810,10423651801.230518
tamil nadu,2021,4,259155976,443723952594.79407
uttar pradesh,2021,4,406157932,773890970072.1896
madhya pradesh,2021,4,404308084,656887492404.479
andhra pradesh,2021,4,522254003,1156264447083.9226
tripura,2021,4,2520693,5496929464.299448
lakshadweep,2021,4,15470,50998185.528381005
manipur,2021,4,4687439,12658472038.211857
maharashtra,2021,4,1010731502,1475358473128.29
dadra & nagar haveli & daman & diu,2021,4,4157085,5565839386.3306675
meghalaya,2021,4,1440193,3848765400.1861496
andaman & nicobar islands,2021,4,636123,1932610101.3236554
haryana,2021,4,169686975,309240599300.4638
rajasthan,2021,4,487621597,903934418544.2667
ladakh,2021,4,630187,2153535138.7802677
punjab,2021,4,52359360,110710126241.99957
assam,2021,4,46020361,104184967893.21591
jharkhand,2021,4,96009042,166017119003.7058
odisha,2021,4,233925366,385251049689.91846
bihar,2021,4,245126945,519371614068.7477
kerala,2021,4,81823741,123342136943.36395
karnataka,2021,4,931725438,1375471324349.8777
chandigarh,2021,4,7898903,14373583510.61845
telangana,2021,4,775989773,1463758189500.9146
himachal pradesh,2021,4,14666864,26136220500.625923
west bengal,2021,4,225029560,462218037262.097
gujarat,2021,4,182987325,342382580053.62726
sikkim,2021,4,1584345,4196783261.6358047
nagaland,2021,4,1631483,4939083784.136465
mizoram,2021,4,553329,1770665741.5230405
chhattisgarh,2021,4,84717494,136399110518.81381
jammu & kashmir,2021,4,16790628,38926237425.771454
goa,2021,4,11088759,18627257115.86965
arunachal pradesh,2021,4,2390598,6943510352.611343
delhi,2021,4,292683359,488695314062.3906
uttarakhand,2021,4,40361280,66148108159.422195
puducherry,2021,2,3751387,6498834696.543897
tamil nadu,2021,2,146158442,263487341026.54623
uttar pradesh,2021,2,241949131,482172489166.39343
madhya pradesh,2021,2,223314680,425500768035.631
andhra pradesh,2021,2,352767134,850737499108.2986
tripura,2021,2,1744429,3468154361.036266
lakshadweep,2021,2,11384,27383463.657951534
manipur,2021,2,3086275,7889827962.396657
maharashtra,2021,2,573616486,915115055623.7152
dadra & nagar haveli & daman & diu,2021,2,2125083,3157668461.418905
meghalaya,2021,2,909594,2193617254.8905916
andaman & nicobar islands,2021,2,341414,899147016.1122956
haryana,2021,2,105680856,200357354238.6818
rajasthan,2021,2,287477039,561702765169.2324
ladakh,2021,2,399716,1427259095.4703174
punjab,2021,2,32171248,69531058562.6159
assam,2021,2,25432905,59192473376.66449
jharkhand,2021,2,54002145,104432643311.45735
odisha,2021,2,131824337,245864117477.27853
bihar,2021,2,155603622,374580255186.58875
kerala,2021,2,47191033,74226806436.15614
karnataka,2021,2,530649046,837887151230.051
chandigarh,2021,2,4417547,8417673939.9361
telangana,2021,2,495867544,1027958332797.5902
himachal pradesh,2021,2,9483902,16495634539.809265
west bengal,2021,2,141897437,279434811058.5615
gujarat,2021,2,111841396,210162054552.1156
sikkim,2021,2,976714,2424899579.6753
nagaland,2021,2,1130791,3156293963.781851
mizoram,2021,2,394340,1122874473.3020918
chhattisgarh,2021,2,44689420,78728771259.22594
jammu & kashmir,2021,2,10027819,22813755428.591625
goa,2021,2,4710135,8012853587.075999
arunachal pradesh,2021,2,1568338,4456425616.994377
delhi,2021,2,170157264,281941097684.5416
uttarakhand,2021,2,24000432,40990817874.83847
puducherry,2021,1,3309432,5899309571.743641
tamil nadu,2021,1,136556674,248668143873.65317
uttar pradesh,2021,1,204499547,396287587577.5575
madhya pradesh,2021,1,201998498,343533954382.3015
andhra pradesh,2021,1,289747970,672444670176.5881
tripura,2021,1,1511423,3335341569.793424
lakshadweep,2021,1,9085,27042782.914081153
manipur,2021,1,2303535,7070287514.479244
maharashtra,2021,1,517860240,769887352153.2483
dadra & nagar haveli & daman & diu,2021,1,1925244,2965632911.1935043
meghalaya,2021,1,747646,2055515277.9898345
andaman & nicobar islands,2021,1,244752,783706567.3897561
haryana,2021,1,90252784,168938301082.4288
rajasthan,2021,1,252730919,491492581657.63354
ladakh,2021,1,275415,983419813.2468786
punjab,2021,1,26770835,58690887091.106735
assam,2021,1,19512060,51326464546.12217
jharkhand,2021,1,44621663,83749353123.13824
odisha,2021,1,111460358,213397736188.33783
bihar,2021,1,114932477,280973649701.2259
kerala,2021,1,42316342,69260970161.89497
karnataka,2021,1,523797492,754995357412.3948
chandigarh,2021,1,3970237,7596420859.545994
telangana,2021,1,412572110,799359264046.5657
himachal pradesh,2021,1,7614029,14120546909.487547
west bengal,2021,1,118254052,242937207475.5198
gujarat,2021,1,94774565,183700780713.44968
sikkim,2021,1,800189,2217667726.8407273
nagaland,2021,1,975897,3107450484.613187
mizoram,2021,1,329575,1101105586.9459367
chhattisgarh,2021,1,39436437,69409843261.55008
jammu & kashmir,2021,1,6997570,17138349893.151793
goa,2021,1,5331549,9757242879.021431
arunachal pradesh,2021,1,1177456,3813779079.0166435
delhi,2021,1,157359004,266928345043.49225
uttarakhand,2021,1,20608402,36288189399.89833
puducherry,2021,3,5121726,8729974431.01447
tamil nadu,2021,3,204357404,365207323053.92737
uttar pradesh,2021,3,306543384,557080841279.8989
madhya pradesh,2021,3,311443334,504412603851.499
andhra pradesh,2021,3,432032550,984218035564.122
tripura,2021,3,2081200,4364133768.181473
lakshadweep,2021,3,13370,38803163.698768154
manipur,2021,3,3941396,10406861028.904892
maharashtra,2021,3,792874060,1159257305167.4517
dadra & nagar haveli & daman & diu,2021,3,3129470,4305939102.791508
meghalaya,2021,3,1097731,2769000451.527979
andaman & nicobar islands,2021,3,449764,1310024395.8016036
haryana,2021,3,140459693,240827092259.20697
rajasthan,2021,3,400284753,710511328542.4896
ladakh,2021,3,590987,2213984743.93459
punjab,2021,3,42533489,85992560840.61221
assam,2021,3,33504441,75700499273.30748
jharkhand,2021,3,70795702,121891015118.8533
odisha,2021,3,177362674,303780718933.0267
bihar,2021,3,187671113,397062760956.3983
kerala,2021,3,63028266,101686161773.12894
karnataka,2021,3,753296539,1133234739157.5984
chandigarh,2021,3,6649378,11815883004.693302
telangana,2021,3,622886768,1178289126292.262
himachal pradesh,2021,3,12064167,21310262071.128155
west bengal,2021,3,181712988,362457066256.5059
gujarat,2021,3,149248407,272624626113.58765
sikkim,2021,3,1160594,2989336863.8083954
nagaland,2021,3,1356792,3987416848.005447
mizoram,2021,3,478529,1473748650.2119522
chhattisgarh,2021,3,64237938,104606108262.77591
jammu & kashmir,2021,3,13151041,31598443648.03224
goa,2021,3,6467763,10478425592.936367
arunachal pradesh,2021,3,1906967,5678124175.298816
delhi,2021,3,238760608,383858316548.281
uttarakhand,2021,3,31042284,50527496783.56469
puducherry,2024,4,16559677,19965392547.0
tamil nadu,2024,4,820423888,1087632875606.0
uttar pradesh,2024,4,2544890265,3214106522459.0
madhya pradesh,2024,4,1685401835,2003305068845.0
andhra pradesh,2024,4,2296445544,3452015568966.0
tripura,2024,4,15945159,22409905268.0
lakshadweep,2024,4,197777,247756681.0
manipur,2024,4,5750423,12061708556.0
maharashtra,2024,4,3634231839,4151028450887.0
dadra & nagar haveli & daman & diu,2024,4,28463700,23945221461.0
meghalaya,2024,4,14166380,19674927433.0
andaman & nicobar islands,2024,4,6063900,8920944773.0
haryana,2024,4,841394290,1031959359354.0
rajasthan,2024,4,2043469547,2793049371408.0
ladakh,2024,4,5711284,10854417654.0
punjab,2024,4,199509220,289125652032.0
assam,2024,4,332441531,382786405959.0
jharkhand,2024,4,586904686,704010501034.0
odisha,2024,4,1143097568,1305457593239.0
bihar,2024,4,1559667675,2098927476047.0
kerala,2024,4,233112441,273639970566.0
karnataka,2024,4,3455056424,4151819803822.0
chandigarh,2024,4,18528444,20501385889.0
telangana,2024,4,2822451603,3859050535418.0
himachal pradesh,2024,4,53798398,63736996234.0
west bengal,2024,4,1227135682,1810100029406.0
gujarat,2024,4,827374966,1076014501422.0
sikkim,2024,4,8916870,12641101398.0
nagaland,2024,4,7921552,13959098676.0
mizoram,2024,4,2702443,4461162922.0
chhattisgarh,2024,4,500655404,576828444625.0
jammu & kashmir,2024,4,126261217,160950980732.0
goa,2024,4,46131536,56562589543.0
arunachal pradesh,2024,4,26793457,35079886873.0
delhi,2024,4,910543082,1057060485903.0
uttarakhand,2024,4,171136132,194908790959.0
puducherry,2024,2,14564895,18242009736.0
tamil nadu,2024,2,705083686,985151149866.0
uttar pradesh,2024,2,2135538658,2704223360067.0
madhya pradesh,2024,2,1435472057,1779679946627.0
andhra pradesh,2024,2,1930122300,3181922420088.0
tripura,2024,2,12787547,18137431068.0
lakshadweep,2024,2,109085,146212841.0
manipur,2024,2,5063324,10898000793.0
maharashtra,2024,2,3063494802,3573189333587.0
dadra & nagar haveli & daman & diu,2024,2,23393115,20328992711.0
meghalaya,2024,2,11089661,16794614094.0
andaman & nicobar islands,2024,2,4653224,7295780330.0
haryana,2024,2,738553925,905444595600.0
rajasthan,2024,2,1818855106,2497094537924.0
ladakh,2024,2,5327359,10125723348.0
punjab,2024,2,171946137,244435036984.0
assam,2024,2,271327087,345308670210.0
jharkhand,2024,2,499685871,620115922491.0
odisha,2024,2,944027735,1164839284001.0
bihar,2024,2,1313888385,1886846564676.0
kerala,2024,2,194872467,242003822595.0
karnataka,2024,2,3042012848,3785034703438.0
chandigarh,2024,2,15940973,17556903812.0
telangana,2024,2,2417264357,3461542433312.0
himachal pradesh,2024,2,52583801,59849740702.0
west bengal,2024,2,980480707,1547343815564.0
gujarat,2024,2,690395153,910625046933.0
sikkim,2024,2,7188322,11296518155.0
nagaland,2024,2,5598700,11012913096.0
mizoram,2024,2,1977079,3798477640.0
chhattisgarh,2024,2,412047705,496313432419.0
jammu & kashmir,2024,2,108179014,129061756911.0
goa,2024,2,37000806,47454830712.0
arunachal pradesh,2024,2,19478372,29706351630.0
delhi,2024,2,777540400,896917676180.0
uttarakhand,2024,2,158564982,180612915790.0
puducherry,2024,1,13446950,17386481977.0
tamil nadu,2024,1,640327197,913861111062.0
uttar pradesh,2024,1,1785296948,2477543106639.0
madhya pradesh,2024,1,1286156614,1625420229864.0
andhra pradesh,2024,1,1755428485,3012725669749.0
tripura,2024,1,11042639,17752189374.0
lakshadweep,2024,1,81176,130052381.0
manipur,2024,1,3845564,9242973323.0
maharashtra,2024,1,2835770481,3372898894856.0
dadra & nagar haveli & daman & diu,2024,1,21115009,19519196325.0
meghalaya,2024,1,8531262,15629304658.0
andaman & nicobar islands,2024,1,4184920,6859151835.0
haryana,2024,1,604293500,806788219232.0
rajasthan,2024,1,1599474007,2350500173790.0
ladakh,2024,1,2987101,6085390661.0
punjab,2024,1,142537179,223303420322.0
assam,2024,1,221525056,321183906030.0
jharkhand,2024,1,426759095,559720237073.0
odisha,2024,1,864178452,1156388722536.0
bihar,2024,1,1078734783,1637736864896.0
kerala,2024,1,181463966,227077974738.0
karnataka,2024,1,2796439155,3485248654506.0
chandigarh,2024,1,13155173,15842176181.0
telangana,2024,1,2179385307,3203769301073.0
himachal pradesh,2024,1,39520561,47884231339.0
west bengal,2024,1,836408587,1422025506833.0
gujarat,2024,1,606576671,871619464924.0
sikkim,2024,1,5820146,9455721523.0
nagaland,2024,1,4258924,10044915308.0
mizoram,2024,1,1627016,3630096730.0
chhattisgarh,2024,1,366176684,463009809901.0
jammu & kashmir,2024,1,75116355,93960928941.0
goa,2024,1,35013987,45351900260.0
arunachal pradesh,2024,1,16406414,26047044476.0
delhi,2024,1,650734058,832514031113.0
uttarakhand,2024,1,123234577,150276835263.0
puducherry,2024,3,16008711,19535004396.0
tamil nadu,2024,3,778536701,1050779594821.0
uttar pradesh,2024,3,2285955833,2717475205234.0
madhya pradesh,2024,3,1537738457,1761082466531.0
andhra pradesh,2024,3,2091371362,3226645607489.0
tripura,2024,3,14400581,19948846189.0
lakshadweep,2024,3,157478,192408087.0
manipur,2024,3,5700096,11671516831.0
maharashtra,2024,3,3287403995,3687268662139.0
dadra & nagar haveli & daman & diu,2024,3,25446270,21564631566.0
meghalaya,2024,3,12110124,16292956696.0
andaman & nicobar islands,2024,3,5279250,7663845009.0
haryana,2024,3,794940220,923206681798.0
rajasthan,2024,3,1935405035,2472257715905.0
ladakh,2024,3,6913885,12652871712.0
punjab,2024,3,187554720,256116156529.0
assam,2024,3,295345591,333558308550.0
jharkhand,2024,3,522575883,609909540592.0
odisha,2024,3,1023940349,1177233944634.0
bihar,2024,3,1352876223,1780280473339.0
kerala,2024,3,214695458,258302031309.0
karnataka,2024,3,3261134095,3907202566484.0
chandigarh,2024,3,17708385,19259257876.0
telangana,2024,3,2610137835,3551316976598.0
himachal pradesh,2024,3,49737549,56615941598.0
west bengal,2024,3,1084916445,1607643782237.0
gujarat,2024,3,757441250,963551388101.0
sikkim,2024,3,7713781,10569829072.0
nagaland,2024,3,6981635,12281315168.0
mizoram,2024,3,2360206,3923888231.0
chhattisgarh,2024,3,443640102,497360133758.0
jammu & kashmir,2024,3,119555288,144470345977.0
goa,2024,3,36762111,45913528012.0
arunachal pradesh,2024,3,24447142,31601956705.0
delhi,2024,3,844844523,958203383588.0
uttarakhand,2024,3,159278815,173414867549.0
puducherry,2022,4,7556127,11142204877.174492
tamil nadu,2022,4,436316636,675689667591.437
uttar pradesh,2022,4,836369071,1376378802069.4858
madhya pradesh,2022,4,898828268,1302999857548.291
andhra pradesh,2022,4,690017077,1424725083041.687
tripura,2022,4,5198190,10452971818.154081
lakshadweep,2022,4,17147,54813873.614936255
manipur,2022,4,6428670,15625956698.341496
maharashtra,2022,4,1688775272,2210470839617.1724
dadra & nagar haveli & daman & diu,2022,4,7189585,8059640746.081128
meghalaya,2022,4,3932448,8996541156.34871
andaman & nicobar islands,2022,4,1987535,3984674404.428784
haryana,2022,4,296648365,490490659880.10236
rajasthan,2022,4,865574848,1456956699398.6523
ladakh,2022,4,1083372,2894477572.6789374
punjab,2022,4,91835180,168107427177.94028
assam,2022,4,103981267,192653519187.54803
jharkhand,2022,4,175300092,277971737448.5812
odisha,2022,4,445714743,652217064523.9851
bihar,2022,4,517084649,936012149674.8281
kerala,2022,4,132960468,173559808599.71005
karnataka,2022,4,1378910371,1904516622907.6313
chandigarh,2022,4,17904840,27879754566.939415
telangana,2022,4,1819506832,2978252562916.1367
himachal pradesh,2022,4,28555136,41779343232.37363
west bengal,2022,4,405847597,787775633607.248
gujarat,2022,4,341156018,567918305336.5343
sikkim,2022,4,3058339,6458385389.419817
nagaland,2022,4,2476205,6969966384.314047
mizoram,2022,4,693774,2037911085.2630136
chhattisgarh,2022,4,177960446,252519180810.47455
jammu & kashmir,2022,4,27316158,44315295915.49408
goa,2022,4,17192674,24924986371.339146
arunachal pradesh,2022,4,4632709,9684909697.502243
delhi,2022,4,515203457,744915016018.5759
uttarakhand,2022,4,77983880,115496046831.35889
puducherry,2022,2,8643687,13778745255.768896
tamil nadu,2022,2,354506937,590134727678.3616
uttar pradesh,2022,2,595298776,1067515182419.9624
madhya pradesh,2022,2,544899829,867024737328.533
andhra pradesh,2022,2,671134030,1479853948202.9194
tripura,2022,2,3418664,6878271042.0352955
lakshadweep,2022,2,17569,55929601.98990567
manipur,2022,2,6105632,14922910635.149328
maharashtra,2022,2,1407533113,2006272382175.94
dadra & nagar haveli & daman & diu,2022,2,5759771,6995159780.810846
meghalaya,2022,2,2044649,5281491421.884784
andaman & nicobar islands,2022,2,1071217,2685920350.080267
haryana,2022,2,234699962,395234035249.5022
rajasthan,2022,2,661170150,1152833518600.3425
ladakh,2022,2,1118073,3543318177.9962664
punjab,2022,2,72272823,137345426369.22662
assam,2022,2,76334725,153111042086.78204
jharkhand,2022,2,132925275,225636227828.13763
odisha,2022,2,313451598,510035012340.00885
bihar,2022,2,360145029,754461454966.1152
kerala,2022,2,106365322,154696329549.125
karnataka,2022,2,1277448960,1867146114059.2139
chandigarh,2022,2,10772489,17283500158.371002
telangana,2022,2,1063382557,1951414544517.1062
himachal pradesh,2022,2,21291371,33709107958.242233
west bengal,2022,2,315742141,648575179584.2422
gujarat,2022,2,252052796,446798000976.83795
sikkim,2022,2,2322081,5611105670.307129
nagaland,2022,2,2031329,5740285349.020275
mizoram,2022,2,643977,2003186567.1089382
chhattisgarh,2022,2,116584048,181181677163.7799
jammu & kashmir,2022,2,23813747,46254290836.635826
goa,2022,2,14216054,22873037759.520226
arunachal pradesh,2022,2,3556925,9131665374.225872
delhi,2022,2,410634184,629855650458.2181
uttarakhand,2022,2,58166878,88313371025.334
puducherry,2022,1,7359176,12083474905.386654
tamil nadu,2022,1,294573150,512789201600.61597
uttar pradesh,2022,1,473953246,883123174117.039
madhya pradesh,2022,1,472703058,747665139599.6421
andhra pradesh,2022,1,582603911,1294320646554.8625
tripura,2022,1,2871190,6247329764.349836
lakshadweep,2022,1,16397,54939432.65393007
manipur,2022,1,5313679,14144501078.373814
maharashtra,2022,1,1169506438,1681399273981.1614
dadra & nagar haveli & daman & diu,2022,1,4802803,6237048367.262389
meghalaya,2022,1,1674750,4662338331.33188
andaman & nicobar islands,2022,1,794748,2129030202.0751667
haryana,2022,1,191988609,341304042652.78125
rajasthan,2022,1,564962220,1022050180980.1362
ladakh,2022,1,630015,2025040918.8422096
punjab,2022,1,57758302,118389978105.96233
assam,2022,1,58889886,132280437892.70251
jharkhand,2022,1,110911210,194700207087.16907
odisha,2022,1,263633499,451227311779.7898
bihar,2022,1,284390434,611411695731.1454
kerala,2022,1,95280965,139988942464.69464
karnataka,2022,1,1057855407,1566649488305.8838
chandigarh,2022,1,8600491,15174991549.840002
telangana,2022,1,886453385,1670638169828.999
himachal pradesh,2022,1,16088180,26518447439.932728
west bengal,2022,1,260505092,551426663209.5653
gujarat,2022,1,210547146,392548092253.5477
sikkim,2022,1,1744302,4367431275.863418
nagaland,2022,1,1925952,5544951708.895753
mizoram,2022,1,604917,1945158963.6112473
chhattisgarh,2022,1,97413292,157847045454.8349
jammu & kashmir,2022,1,16245311,33147863626.158833
goa,2022,1,12214098,19816445402.846123
arunachal pradesh,2022,1,2804068,7828091628.0873575
delhi,2022,1,330999861,536964920836.2892
uttarakhand,2022,1,44560772,70978782500.07388
puducherry,2022,3,7042727,10854317711.140945
tamil nadu,2022,3,393496175,631879220373.2378
uttar pradesh,2022,3,703589072,1121370050898.7214
madhya pradesh,2022,3,731259559,1032908494249.5833
andhra pradesh,2022,3,642855035,1385077409712.0752
tripura,2022,3,4256579,8648352804.91115
lakshadweep,2022,3,15241,47580009.61750026
manipur,2022,3,6352742,15381430267.299776
maharashtra,2022,3,1486389417,1947579187374.532
dadra & nagar haveli & daman & diu,2022,3,6465621,7520647359.499438
meghalaya,2022,3,4359165,9603300797.121542
andaman & nicobar islands,2022,3,1584379,3310631772.137388
haryana,2022,3,269361810,428054494578.0213
rajasthan,2022,3,767541360,1238489256318.2175
ladakh,2022,3,1190858,3605199350.373912
punjab,2022,3,84177897,149319443006.3546
assam,2022,3,86113811,161489079054.89807
jharkhand,2022,3,146815332,229412884063.95636
odisha,2022,3,386687326,564545557340.5428
bihar,2022,3,437367385,791446486557.8687
kerala,2022,3,119362904,162260419315.42975
karnataka,2022,3,1189761328,1665918232610.94
chandigarh,2022,3,13478173,20559757737.40586
telangana,2022,3,1628165401,2706325865752.0645
himachal pradesh,2022,3,25164868,37380782688.54074
west bengal,2022,3,356792388,704749898612.1294
gujarat,2022,3,303239732,497437502209.44305
sikkim,2022,3,2396758,5162880543.891459
nagaland,2022,3,1894113,5364400495.050829
mizoram,2022,3,659038,1946265612.067956
chhattisgarh,2022,3,158252587,220161558081.9853
jammu & kashmir,2022,3,22534394,40963554502.24847
goa,2022,3,13188687,19574265275.70635
arunachal pradesh,2022,3,3939418,9025110785.048618
delhi,2022,3,475592161,677612647116.1133
uttarakhand,2022,3,63996519,92641259938.36333
puducherry,2023,4,12986163,17024510550.0
tamil nadu,2023,4,593481381,872870665005.0
uttar pradesh,2023,4,1566705382,2257441161652.0
madhya pradesh,2023,4,1102294613,1426502880687.0
andhra pradesh,2023,4,1596987426,2802514977823.0
tripura,2023,4,10140910,16819896794.0
lakshadweep,2023,4,63479,119831383.0
manipur,2023,4,2113200,6800325298.0
maharashtra,2023,4,2572162725,3098014934958.0
dadra & nagar haveli & daman & diu,2023,4,18302373,17558059967.0
meghalaya,2023,4,7268384,13873058692.0
andaman & nicobar islands,2023,4,3695783,6269552499.0
haryana,2023,4,554748233,782270484600.0
rajasthan,2023,4,1349472154,2066379607801.0
ladakh,2023,4,3150218,6942986945.0
punjab,2023,4,142228995,231139462165.0
assam,2023,4,193752157,285603636931.0
jharkhand,2023,4,374538362,498720104925.0
odisha,2023,4,732137476,978791865637.0
bihar,2023,4,924427274,1434735808415.0
kerala,2023,4,179843093,224985321465.0
karnataka,2023,4,2564434164,3241376424383.0
chandigarh,2023,4,13280078,16281223001.0
telangana,2023,4,2020822178,3116417474765.0
himachal pradesh,2023,4,38651839,48280246564.0
west bengal,2023,4,737953238,1249394976078.0
gujarat,2023,4,534115578,795087199074.0
sikkim,2023,4,4857324,8590608471.0
nagaland,2023,4,3797179,9674575422.0
mizoram,2023,4,1500728,3540840283.0
chhattisgarh,2023,4,321876332,403985034545.0
jammu & kashmir,2023,4,69167132,93070141760.0
goa,2023,4,33460978,44287671557.0
arunachal pradesh,2023,4,14617742,24128799794.0
delhi,2023,4,598150746,799649719349.0
uttarakhand,2023,4,118071440,148083447262.0
puducherry,2023,2,11130326,15386733257.0
tamil nadu,2023,2,498429638,776362551015.0
uttar pradesh,2023,2,1211410582,1836622076526.0
madhya pradesh,2023,2,848037060,1202440949508.0
andhra pradesh,2023,2,1305656964,2506039086916.0
tripura,2023,2,7929543,13919130082.0
lakshadweep,2023,2,34918,97987438.0
manipur,2023,2,1606271,4463876653.0
maharashtra,2023,2,2063717848,2606004606468.0
dadra & nagar haveli & daman & diu,2023,2,13357115,13750538188.0
meghalaya,2023,2,5077212,11084506486.0
andaman & nicobar islands,2023,2,2707775,4990344236.0
haryana,2023,2,457536190,661742128636.0
rajasthan,2023,2,1073459338,1698455586300.0
ladakh,2023,2,2943815,7191103886.0
punjab,2023,2,117290289,194181575454.0
assam,2023,2,138290953,235110788783.0
jharkhand,2023,2,289233893,422214727508.0
odisha,2023,2,544597829,799332054104.0
bihar,2023,2,683933094,1226046745390.0
kerala,2023,2,156170617,207796670985.0
karnataka,2023,2,2067867526,2777599098830.0
chandigarh,2023,2,11553687,14414408750.0
telangana,2023,2,1665430971,2698149935008.0
himachal pradesh,2023,2,35061595,46875063718.0
west bengal,2023,2,545317686,1009315106972.0
gujarat,2023,2,416922553,645407208525.0
sikkim,2023,2,4412967,8580350436.0
nagaland,2023,2,2922001,8021399310.0
mizoram,2023,2,1208930,3191806576.0
chhattisgarh,2023,2,249931636,333156846754.0
jammu & kashmir,2023,2,54588299,76530005380.0
goa,2023,2,26530590,38412206943.0
arunachal pradesh,2023,2,10360488,19805698664.0
delhi,2023,2,482138998,661728515657.0
uttarakhand,2023,2,102758214,134072872398.0
puducherry,2023,1,10144295,14222388506.0
tamil nadu,2023,1,461212387,715583673518.0
uttar pradesh,2023,1,1002557722,1636936265372.0
madhya pradesh,2023,1,734566970,1062026599901.0
andhra pradesh,2023,1,1145532464,2249051316530.0
tripura,2023,1,7118687,13288282891.0
lakshadweep,2023,1,29520,85321961.0
manipur,2023,1,3258383,8585564092.0
maharashtra,2023,1,1848268499,2362285906059.0
dadra & nagar haveli & daman & diu,2023,1,11803985,12614091200.0
meghalaya,2023,1,4164705,10084840615.0
andaman & nicobar islands,2023,1,2276392,4461528587.0
haryana,2023,1,381318464,591150623736.0
rajasthan,2023,1,921096686,1554913375850.0
ladakh,2023,1,1567246,3849021298.0
punjab,2023,1,96910821,175508676860.0
assam,2023,1,113760638,212354167087.0
jharkhand,2023,1,240458103,367371336021.0
odisha,2023,1,482896088,753968977663.0
bihar,2023,1,547831195,1039276959944.0
kerala,2023,1,147621565,193637089677.0
karnataka,2023,1,1844697189,2470227226317.0
chandigarh,2023,1,9815605,12824894394.0
telangana,2023,1,1440331458,2372581734284.0
himachal pradesh,2023,1,27301726,37740947734.0
west bengal,2023,1,459278344,896883182555.0
gujarat,2023,1,362511326,597826188806.0
sikkim,2023,1,3396128,6762568022.0
nagaland,2023,1,2685570,7814397854.0
mizoram,2023,1,1052595,2955622739.0
chhattisgarh,2023,1,214748957,301088936459.0
jammu & kashmir,2023,1,38927244,55921747581.0
goa,2023,1,24195070,35096965775.0
arunachal pradesh,2023,1,8042825,16394578454.0
delhi,2023,1,409753103,611403109580.0
uttarakhand,2023,1,79385675,107179907585.0
puducherry,2023,3,12379641,16444491839.0
tamil nadu,2023,3,556085008,833105264698.0
uttar pradesh,2023,3,1354622466,1861748362006.0
madhya pradesh,2023,3,978812593,1237821998249.0
andhra pradesh,2023,3,1475164403,2653414098098.0
tripura,2023,3,9108762,15249223330.0
lakshadweep,2023,3,43757,94527061.0
manipur,2023,3,865478,3608286601.0
maharashtra,2023,3,2290678587,2752172184241.0
dadra & nagar haveli & daman & diu,2023,3,15370328,15096066463.0
meghalaya,2023,3,6029842,11406633080.0
andaman & nicobar islands,2023,3,3098376,5211596791.0
haryana,2023,3,501519478,677491980740.0
rajasthan,2023,3,1237232167,1800225443616.0
ladakh,2023,3,3621366,8250572243.0
punjab,2023,3,132161181,205225582737.0
assam,2023,3,167575351,244058014402.0
jharkhand,2023,3,318237426,418384424020.0
odisha,2023,3,622397603,840298338124.0
bihar,2023,3,734238751,1148153363366.0
kerala,2023,3,170658651,220332613329.0
karnataka,2023,3,2369262302,2985880895587.0
chandigarh,2023,3,13052165,15426783311.0
telangana,2023,3,1875045924,2870202901073.0
himachal pradesh,2023,3,33337054,41854571637.0
west bengal,2023,3,632093191,1071548606382.0
gujarat,2023,3,479303590,707737036450.0
sikkim,2023,3,4804937,8107237421.0
nagaland,2023,3,3422331,8616299673.0
mizoram,2023,3,1310413,3106130235.0
chhattisgarh,2023,3,283492657,350379679526.0
jammu & kashmir,2023,3,63903579,86016148426.0
goa,2023,3,26999728,37375179974.0
arunachal pradesh,2023,3,12802433,21127391086.0
delhi,2023,3,546706983,708199251438.0
uttarakhand,2023,3,106284687,128762398121.0
puducherry,2019,4,1012655,1932028317.878899
tamil nadu,2019,4,56596411,103190865512.53719
uttar pradesh,2019,4,86905005,145538926507.3059
madhya pradesh,2019,4,68131989,104687926790.86589
andhra pradesh,2019,4,107218103,200948315488.80518
tripura,2019,4,801824,1215400160.2581887
lakshadweep,2019,4,3765,11269913.40492385
manipur,2019,4,449344,1200897682.088641
maharashtra,2019,4,201260620,272994428799.5649
dadra & nagar haveli & daman & diu,2019,4,768971,1226641262.0110402
meghalaya,2019,4,365981,742436471.7902198
andaman & nicobar islands,2019,4,35159,136838530.5173779
haryana,2019,4,37825985,69359719869.10008
rajasthan,2019,4,85074242,159452410049.68317
ladakh,2019,4,84706,324689360.02811134
punjab,2019,4,13698625,29989802246.19331
assam,2019,4,6760510,15281983895.512564
jharkhand,2019,4,18248618,28147748376.677704
odisha,2019,4,64995633,79769373632.04843
bihar,2019,4,43530314,93313426577.80905
kerala,2019,4,12498637,21151326637.805134
karnataka,2019,4,237796252,295047143447.23846
chandigarh,2019,4,1850915,4152513817.939354
telangana,2019,4,163572258,280746765547.7425
himachal pradesh,2019,4,3516646,7271163537.248161
west bengal,2019,4,96805838,88203610254.64601
gujarat,2019,4,42547632,76690662054.91542
sikkim,2019,4,767070,1176509601.6562185
nagaland,2019,4,317170,834537138.3487777
mizoram,2019,4,125239,368689350.6344881
chhattisgarh,2019,4,16305758,27143788737.21397
jammu & kashmir,2019,4,489928,1929695997.8225975
goa,2019,4,1515272,2923460348.4994645
arunachal pradesh,2019,4,459475,1190573179.5272837
delhi,2019,4,80744997,129024467424.89062
uttarakhand,2019,4,7362116,12573706305.150612
puducherry,2019,2,580077,1211446910.127807
tamil nadu,2019,2,32171737,64207676025.75553
uttar pradesh,2019,2,58883500,98917519370.67831
madhya pradesh,2019,2,40846013,68334566380.56182
andhra pradesh,2019,2,56409015,113634518758.22931
tripura,2019,2,532558,841821482.8473747
lakshadweep,2019,2,2926,9242524.13698889
manipur,2019,2,257425,722789942.1495004
maharashtra,2019,2,101149853,153294470088.05945
dadra & nagar haveli & daman & diu,2019,2,489656,824441276.56507
meghalaya,2019,2,232286,492931289.1072781
andaman & nicobar islands,2019,2,33689,120254709.6756632
haryana,2019,2,22741816,42501539813.21669
rajasthan,2019,2,50009286,89107313172.66756
ladakh,2019,2,68772,259255506.9974248
punjab,2019,2,8509830,18614793394.772213
assam,2019,2,5454929,10954969189.126175
jharkhand,2019,2,10128211,18622701305.54623
odisha,2019,2,29512024,44754854871.67608
bihar,2019,2,29960479,63132438283.54397
kerala,2019,2,7283826,13031371561.185568
karnataka,2019,2,115401604,163702024226.0841
chandigarh,2019,2,1252470,2693116098.9444556
telangana,2019,2,89610379,155676443182.43457
himachal pradesh,2019,2,2502306,4875883973.61058
west bengal,2019,2,47023535,57105691119.11844
gujarat,2019,2,28981842,49320615219.26732
sikkim,2019,2,388244,738894243.4359412
nagaland,2019,2,188753,520066682.1585048
mizoram,2019,2,75671,248016708.13501447
chhattisgarh,2019,2,9389945,17002355688.82225
jammu & kashmir,2019,2,2296355,6100142201.563448
goa,2019,2,768441,1591867103.3876143
arunachal pradesh,2019,2,258656,752655874.3550282
delhi,2019,2,57171512,81706816063.62862
uttarakhand,2019,2,4813275,8588532850.9184885
puducherry,2019,1,501092,906473024.3065231
tamil nadu,2019,1,32275045,56204036816.128555
uttar pradesh,2019,1,57324504,76524180134.0167
madhya pradesh,2019,1,37301049,48070279522.04201
andhra pradesh,2019,1,57264522,83760595917.0792
tripura,2019,1,580926,756894941.6158216
lakshadweep,2019,1,2481,8786130.479338994
manipur,2019,1,265409,659898060.4240801
maharashtra,2019,1,75079069,111420690920.33997
dadra & nagar haveli & daman & diu,2019,1,661814,843369776.0499002
meghalaya,2019,1,208741,399037162.15343595
andaman & nicobar islands,2019,1,30486,102299740.67348987
haryana,2019,1,22135775,34051655721.631077
rajasthan,2019,1,43956040,61141158575.55252
ladakh,2019,1,46145,152859920.9491272
punjab,2019,1,7172137,13574490001.853222
assam,2019,1,4533005,8002099536.451059
jharkhand,2019,1,9387708,13627236449.278034
odisha,2019,1,34031942,35427127930.698456
bihar,2019,1,26356234,41502827514.52612
kerala,2019,1,6469039,10235031134.849785
karnataka,2019,1,86587609,117976382145.74966
chandigarh,2019,1,1274476,2396032050.444029
telangana,2019,1,65290702,95523262035.66321
himachal pradesh,2019,1,2168718,3381481442.991081
west bengal,2019,1,47626388,50164672623.87851
gujarat,2019,1,24991451,35856080308.47724
sikkim,2019,1,240287,457993634.3840939
nagaland,2019,1,168579,441941712.41233104
mizoram,2019,1,70306,218160895.39740258
chhattisgarh,2019,1,7887669,12544556385.328796
jammu & kashmir,2019,1,3584987,5951835476.521047
goa,2019,1,738812,1475323397.276577
arunachal pradesh,2019,1,226506,609950106.3139492
delhi,2019,1,47007327,58469131789.49733
uttarakhand,2019,1,5546001,7183529175.274033
puducherry,2019,3,716826,1460708357.4554102
tamil nadu,2019,3,41410183,78959604643.63503
uttar pradesh,2019,3,68623959,111268137475.02843
madhya pradesh,2019,3,53610411,77676321491.22867
andhra pradesh,2019,3,76288614,139447944254.78943
tripura,2019,3,711717,1017377422.817224
lakshadweep,2019,3,3104,9651761.463768471
manipur,2019,3,345008,863552002.562933
maharashtra,2019,3,148735581,199617506744.94272
dadra & nagar haveli & daman & diu,2019,3,638751,961471473.8483732
meghalaya,2019,3,306550,612218602.153532
andaman & nicobar islands,2019,3,33770,114071776.08729392
haryana,2019,3,30343531,52489119199.44011
rajasthan,2019,3,67303617,112468290031.92343
ladakh,2019,3,92396,331129527.19382226
punjab,2019,3,10706812,22905815605.843315
assam,2019,3,5942571,12950443620.426579
jharkhand,2019,3,14220647,21465973993.35938
odisha,2019,3,41422272,57304577359.217094
bihar,2019,3,32139900,67692783254.273834
kerala,2019,3,9286096,16429809722.064445
karnataka,2019,3,170733735,214536720438.18292
chandigarh,2019,3,1506543,3269682087.6608405
telangana,2019,3,121495376,201930021130.42365
himachal pradesh,2019,3,2735180,5572018781.123304
west bengal,2019,3,66444829,70540532616.82985
gujarat,2019,3,38228649,59462694964.26753
sikkim,2019,3,552436,884716448.4404289
nagaland,2019,3,261878,650956471.7134112
mizoram,2019,3,98094,278793899.9513421
chhattisgarh,2019,3,12243111,19803259167.45372
jammu & kashmir,2019,3,1116526,3744230491.7824554
goa,2019,3,1092416,2000367191.496843
arunachal pradesh,2019,3,370234,912645034.7958709
delhi,2019,3,69537876,103196812046.45712
uttarakhand,2019,3,5710476,9729032070.017406
